{
  "project_info": {
    "project_number": "172078606056",
    "project_id": "appversionfinal-11a36",
    "storage_bucket": "appversionfinal-11a36.appspot.com"
  },
  "client": [
    {
      "client_info": {
        "mobilesdk_app_id": "1:172078606056:android:798beb7df36b3ac85dcb5d",
        "android_client_info": {
          "package_name": "com.example.appversionfinal"
        }
      },
      "oauth_client": [
        {
          "client_id": "172078606056-itle9vgp7h26u2i5r80gh0vou952akqp.apps.googleusercontent.com",
          "client_type": 3
        }
      ],
      "api_key": [
        {
          "current_key": "AIzaSyC3c-e2jkgdoW1wTObfDz0dPAw1y0mELww"
        }
      ],
      "services": {
        "appinvite_service": {
          "other_platform_oauth_client": [
            {
              "client_id": "172078606056-itle9vgp7h26u2i5r80gh0vou952akqp.apps.googleusercontent.com",
              "client_type": 3
            }
          ]
        }
      }
    },
    {
      "client_info": {
        "mobilesdk_app_id": "1:172078606056:android:c74341a3eeddbc1d5dcb5d",
        "android_client_info": {
          "package_name": "com.example.healthccheckapp"
        }
      },
      "oauth_client": [
        {
          "client_id": "172078606056-itle9vgp7h26u2i5r80gh0vou952akqp.apps.googleusercontent.com",
          "client_type": 3
        }
      ],
      "api_key": [
        {
          "current_key": "AIzaSyC3c-e2jkgdoW1wTObfDz0dPAw1y0mELww"
        }
      ],
      "services": {
        "appinvite_service": {
          "other_platform_oauth_client": [
            {
              "client_id": "172078606056-itle9vgp7h26u2i5r80gh0vou952akqp.apps.googleusercontent.com",
              "client_type": 3
            }
          ]
        }
      }
    }
  ],
  "configuration_version": "1"
}